SID,INVID,FilmTitle,Lastupdate
1,1,"ACADEMY DINOSAUR","2006-02-15 05:09:17"
1,2,"ACADEMY DINOSAUR","2006-02-15 05:09:17"
1,3,"ACADEMY DINOSAUR","2006-02-15 05:09:17"
1,16,"AFFAIR PREJUDICE","2006-02-15 05:09:17"
1,17,"AFFAIR PREJUDICE","2006-02-15 05:09:17"
1,18,"AFFAIR PREJUDICE","2006-02-15 05:09:17"
1,19,"AFFAIR PREJUDICE","2006-02-15 05:09:17"
1,26,"AGENT TRUMAN","2006-02-15 05:09:17"
1,27,"AGENT TRUMAN","2006-02-15 05:09:17"
1,28,"AGENT TRUMAN","2006-02-15 05:09:17"
1,32,"AIRPLANE SIERRA","2006-02-15 05:09:17"
1,33,"AIRPLANE SIERRA","2006-02-15 05:09:17"
1,41,"ALABAMA DEVIL","2006-02-15 05:09:17"
1,42,"ALABAMA DEVIL","2006-02-15 05:09:17"
1,43,"ALABAMA DEVIL","2006-02-15 05:09:17"
1,46,"ALADDIN CALENDAR","2006-02-15 05:09:17"
1,47,"ALADDIN CALENDAR","2006-02-15 05:09:17"
1,48,"ALADDIN CALENDAR","2006-02-15 05:09:17"
1,49,"ALADDIN CALENDAR","2006-02-15 05:09:17"
1,53,"ALAMO VIDEOTAPE","2006-02-15 05:09:17"
1,54,"ALAMO VIDEOTAPE","2006-02-15 05:09:17"
1,55,"ALAMO VIDEOTAPE","2006-02-15 05:09:17"
1,56,"ALAMO VIDEOTAPE","2006-02-15 05:09:17"
1,60,"ALASKA PHANTOM","2006-02-15 05:09:17"
1,61,"ALASKA PHANTOM","2006-02-15 05:09:17"
1,62,"ALASKA PHANTOM","2006-02-15 05:09:17"
1,71,"ALIEN CENTER","2006-02-15 05:09:17"
1,72,"ALIEN CENTER","2006-02-15 05:09:17"
1,77,"ALLEY EVOLUTION","2006-02-15 05:09:17"
1,78,"ALLEY EVOLUTION","2006-02-15 05:09:17"
1,81,"ALONE TRIP","2006-02-15 05:09:17"
1,82,"ALONE TRIP","2006-02-15 05:09:17"
1,83,"ALONE TRIP","2006-02-15 05:09:17"
1,87,"ALTER VICTORY","2006-02-15 05:09:17"
1,88,"ALTER VICTORY","2006-02-15 05:09:17"
1,89,"ALTER VICTORY","2006-02-15 05:09:17"
1,93,"AMADEUS HOLY","2006-02-15 05:09:17"
1,94,"AMADEUS HOLY","2006-02-15 05:09:17"
1,95,"AMADEUS HOLY","2006-02-15 05:09:17"
1,96,"AMADEUS HOLY","2006-02-15 05:09:17"
1,99,"AMELIE HELLFIGHTERS","2006-02-15 05:09:17"
1,100,"AMELIE HELLFIGHTERS","2006-02-15 05:09:17"
1,101,"AMELIE HELLFIGHTERS","2006-02-15 05:09:17"
1,102,"AMERICAN CIRCUS","2006-02-15 05:09:17"
1,103,"AMERICAN CIRCUS","2006-02-15 05:09:17"
1,108,"AMISTAD MIDSUMMER","2006-02-15 05:09:17"
1,109,"AMISTAD MIDSUMMER","2006-02-15 05:09:17"
1,110,"AMISTAD MIDSUMMER","2006-02-15 05:09:17"
1,111,"AMISTAD MIDSUMMER","2006-02-15 05:09:17"
1,115,"ANACONDA CONFESSIONS","2006-02-15 05:09:17"
1,116,"ANACONDA CONFESSIONS","2006-02-15 05:09:17"
1,117,"ANACONDA CONFESSIONS","2006-02-15 05:09:17"
1,120,"ANALYZE HOOSIERS","2006-02-15 05:09:17"
1,121,"ANALYZE HOOSIERS","2006-02-15 05:09:17"
1,122,"ANALYZE HOOSIERS","2006-02-15 05:09:17"
1,123,"ANALYZE HOOSIERS","2006-02-15 05:09:17"
1,124,"ANGELS LIFE","2006-02-15 05:09:17"
1,125,"ANGELS LIFE","2006-02-15 05:09:17"
1,126,"ANGELS LIFE","2006-02-15 05:09:17"
1,127,"ANGELS LIFE","2006-02-15 05:09:17"
1,130,"ANNIE IDENTITY","2006-02-15 05:09:17"
1,131,"ANNIE IDENTITY","2006-02-15 05:09:17"
1,135,"ANONYMOUS HUMAN","2006-02-15 05:09:17"
1,136,"ANONYMOUS HUMAN","2006-02-15 05:09:17"
1,137,"ANONYMOUS HUMAN","2006-02-15 05:09:17"
1,138,"ANONYMOUS HUMAN","2006-02-15 05:09:17"
1,139,"ANTHEM LUKE","2006-02-15 05:09:17"
1,140,"ANTHEM LUKE","2006-02-15 05:09:17"
1,141,"ANTHEM LUKE","2006-02-15 05:09:17"
1,142,"ANTITRUST TOMATOES","2006-02-15 05:09:17"
1,143,"ANTITRUST TOMATOES","2006-02-15 05:09:17"
1,144,"ANYTHING SAVANNAH","2006-02-15 05:09:17"
1,145,"ANYTHING SAVANNAH","2006-02-15 05:09:17"
1,146,"APACHE DIVINE","2006-02-15 05:09:17"
1,147,"APACHE DIVINE","2006-02-15 05:09:17"
1,148,"APACHE DIVINE","2006-02-15 05:09:17"
1,149,"APACHE DIVINE","2006-02-15 05:09:17"
1,160,"ARACHNOPHOBIA ROLLERCOASTER","2006-02-15 05:09:17"
1,161,"ARACHNOPHOBIA ROLLERCOASTER","2006-02-15 05:09:17"
1,162,"ARACHNOPHOBIA ROLLERCOASTER","2006-02-15 05:09:17"
1,163,"ARACHNOPHOBIA ROLLERCOASTER","2006-02-15 05:09:17"
1,167,"ARIZONA BANG","2006-02-15 05:09:17"
1,168,"ARIZONA BANG","2006-02-15 05:09:17"
1,169,"ARIZONA BANG","2006-02-15 05:09:17"
1,170,"ARIZONA BANG","2006-02-15 05:09:17"
1,174,"ARMAGEDDON LOST","2006-02-15 05:09:17"
1,175,"ARMAGEDDON LOST","2006-02-15 05:09:17"
1,176,"ARMAGEDDON LOST","2006-02-15 05:09:17"
1,189,"ATLANTIS CAUSE","2006-02-15 05:09:17"
1,190,"ATLANTIS CAUSE","2006-02-15 05:09:17"
1,191,"ATLANTIS CAUSE","2006-02-15 05:09:17"
1,196,"ATTACKS HATE","2006-02-15 05:09:17"
1,197,"ATTACKS HATE","2006-02-15 05:09:17"
1,201,"ATTRACTION NEWTON","2006-02-15 05:09:17"
1,202,"ATTRACTION NEWTON","2006-02-15 05:09:17"
1,203,"ATTRACTION NEWTON","2006-02-15 05:09:17"
1,204,"ATTRACTION NEWTON","2006-02-15 05:09:17"
1,212,"BACKLASH UNDEFEATED","2006-02-15 05:09:17"
1,213,"BACKLASH UNDEFEATED","2006-02-15 05:09:17"
1,216,"BADMAN DAWN","2006-02-15 05:09:17"
1,217,"BADMAN DAWN","2006-02-15 05:09:17"
1,218,"BADMAN DAWN","2006-02-15 05:09:17"
1,222,"BAKED CLEOPATRA","2006-02-15 05:09:17"
1,223,"BAKED CLEOPATRA","2006-02-15 05:09:17"
1,224,"BAKED CLEOPATRA","2006-02-15 05:09:17"
1,227,"BALLOON HOMEWARD","2006-02-15 05:09:17"
1,228,"BALLOON HOMEWARD","2006-02-15 05:09:17"
1,235,"BANG KWAI","2006-02-15 05:09:17"
1,236,"BANG KWAI","2006-02-15 05:09:17"
1,237,"BANGER PINOCCHIO","2006-02-15 05:09:17"
1,238,"BANGER PINOCCHIO","2006-02-15 05:09:17"
1,239,"BANGER PINOCCHIO","2006-02-15 05:09:17"
1,242,"BARBARELLA STREETCAR","2006-02-15 05:09:17"
1,243,"BARBARELLA STREETCAR","2006-02-15 05:09:17"
1,244,"BARBARELLA STREETCAR","2006-02-15 05:09:17"
1,245,"BARBARELLA STREETCAR","2006-02-15 05:09:17"
1,248,"BAREFOOT MANCHURIAN","2006-02-15 05:09:17"
1,249,"BAREFOOT MANCHURIAN","2006-02-15 05:09:17"
1,250,"BAREFOOT MANCHURIAN","2006-02-15 05:09:17"
1,253,"BASIC EASY","2006-02-15 05:09:17"
1,254,"BASIC EASY","2006-02-15 05:09:17"
1,255,"BASIC EASY","2006-02-15 05:09:17"
1,256,"BASIC EASY","2006-02-15 05:09:17"
1,264,"BEAR GRACELAND","2006-02-15 05:09:17"
1,265,"BEAR GRACELAND","2006-02-15 05:09:17"
1,266,"BEAR GRACELAND","2006-02-15 05:09:17"
1,269,"BEAST HUNCHBACK","2006-02-15 05:09:17"
1,270,"BEAST HUNCHBACK","2006-02-15 05:09:17"
1,271,"BEAST HUNCHBACK","2006-02-15 05:09:17"
1,272,"BEAUTY GREASE","2006-02-15 05:09:17"
1,273,"BEAUTY GREASE","2006-02-15 05:09:17"
1,274,"BEAUTY GREASE","2006-02-15 05:09:17"
1,275,"BEAUTY GREASE","2006-02-15 05:09:17"
1,280,"BEDAZZLED MARRIED","2006-02-15 05:09:17"
1,281,"BEDAZZLED MARRIED","2006-02-15 05:09:17"
1,291,"BENEATH RUSH","2006-02-15 05:09:17"
1,292,"BENEATH RUSH","2006-02-15 05:09:17"
1,293,"BENEATH RUSH","2006-02-15 05:09:17"
1,294,"BERETS AGENT","2006-02-15 05:09:17"
1,295,"BERETS AGENT","2006-02-15 05:09:17"
1,300,"BETRAYED REAR","2006-02-15 05:09:17"
1,301,"BETRAYED REAR","2006-02-15 05:09:17"
1,304,"BEVERLY OUTLAW","2006-02-15 05:09:17"
1,305,"BEVERLY OUTLAW","2006-02-15 05:09:17"
1,306,"BEVERLY OUTLAW","2006-02-15 05:09:17"
1,307,"BEVERLY OUTLAW","2006-02-15 05:09:17"
1,312,"BIKINI BORROWERS","2006-02-15 05:09:17"
1,313,"BIKINI BORROWERS","2006-02-15 05:09:17"
1,320,"BILL OTHERS","2006-02-15 05:09:17"
1,321,"BILL OTHERS","2006-02-15 05:09:17"
1,322,"BILL OTHERS","2006-02-15 05:09:17"
1,323,"BILL OTHERS","2006-02-15 05:09:17"
1,326,"BINGO TALENTED","2006-02-15 05:09:17"
1,327,"BINGO TALENTED","2006-02-15 05:09:17"
1,328,"BINGO TALENTED","2006-02-15 05:09:17"
1,329,"BINGO TALENTED","2006-02-15 05:09:17"
1,334,"BIRCH ANTITRUST","2006-02-15 05:09:17"
1,335,"BIRCH ANTITRUST","2006-02-15 05:09:17"
1,336,"BIRCH ANTITRUST","2006-02-15 05:09:17"
1,342,"BIRDCAGE CASPER","2006-02-15 05:09:17"
1,343,"BIRDCAGE CASPER","2006-02-15 05:09:17"
1,344,"BIRDCAGE CASPER","2006-02-15 05:09:17"
1,345,"BIRDS PERDITION","2006-02-15 05:09:17"
1,346,"BIRDS PERDITION","2006-02-15 05:09:17"
1,347,"BIRDS PERDITION","2006-02-15 05:09:17"
1,348,"BIRDS PERDITION","2006-02-15 05:09:17"
1,351,"BLACKOUT PRIVATE","2006-02-15 05:09:17"
1,352,"BLACKOUT PRIVATE","2006-02-15 05:09:17"
1,353,"BLACKOUT PRIVATE","2006-02-15 05:09:17"
1,358,"BLADE POLISH","2006-02-15 05:09:17"
1,359,"BLADE POLISH","2006-02-15 05:09:17"
1,360,"BLADE POLISH","2006-02-15 05:09:17"
1,364,"BLANKET BEVERLY","2006-02-15 05:09:17"
1,365,"BLANKET BEVERLY","2006-02-15 05:09:17"
1,366,"BLANKET BEVERLY","2006-02-15 05:09:17"
1,367,"BLANKET BEVERLY","2006-02-15 05:09:17"
1,368,"BLINDNESS GUN","2006-02-15 05:09:17"
1,369,"BLINDNESS GUN","2006-02-15 05:09:17"
1,370,"BLINDNESS GUN","2006-02-15 05:09:17"
1,371,"BLINDNESS GUN","2006-02-15 05:09:17"
1,372,"BLOOD ARGONAUTS","2006-02-15 05:09:17"
1,373,"BLOOD ARGONAUTS","2006-02-15 05:09:17"
1,374,"BLUES INSTINCT","2006-02-15 05:09:17"
1,375,"BLUES INSTINCT","2006-02-15 05:09:17"
1,376,"BLUES INSTINCT","2006-02-15 05:09:17"
1,379,"BOILED DARES","2006-02-15 05:09:17"
1,380,"BOILED DARES","2006-02-15 05:09:17"
1,381,"BOILED DARES","2006-02-15 05:09:17"
1,382,"BOILED DARES","2006-02-15 05:09:17"
1,387,"BOOGIE AMELIE","2006-02-15 05:09:17"
1,388,"BOOGIE AMELIE","2006-02-15 05:09:17"
1,389,"BOOGIE AMELIE","2006-02-15 05:09:17"
1,390,"BOOGIE AMELIE","2006-02-15 05:09:17"
1,399,"BORROWERS BEDAZZLED","2006-02-15 05:09:17"
1,400,"BORROWERS BEDAZZLED","2006-02-15 05:09:17"
1,401,"BORROWERS BEDAZZLED","2006-02-15 05:09:17"
1,405,"BOULEVARD MOB","2006-02-15 05:09:17"
1,406,"BOULEVARD MOB","2006-02-15 05:09:17"
1,407,"BOULEVARD MOB","2006-02-15 05:09:17"
1,411,"BOUND CHEAPER","2006-02-15 05:09:17"
1,412,"BOUND CHEAPER","2006-02-15 05:09:17"
1,413,"BOUND CHEAPER","2006-02-15 05:09:17"
1,414,"BOUND CHEAPER","2006-02-15 05:09:17"
1,419,"BOWFINGER GABLES","2006-02-15 05:09:17"
1,420,"BOWFINGER GABLES","2006-02-15 05:09:17"
1,426,"BRAVEHEART HUMAN","2006-02-15 05:09:17"
1,427,"BRAVEHEART HUMAN","2006-02-15 05:09:17"
1,428,"BREAKFAST GOLDFINGER","2006-02-15 05:09:17"
1,429,"BREAKFAST GOLDFINGER","2006-02-15 05:09:17"
1,433,"BREAKING HOME","2006-02-15 05:09:17"
1,434,"BREAKING HOME","2006-02-15 05:09:17"
1,435,"BREAKING HOME","2006-02-15 05:09:17"
1,436,"BRIDE INTRIGUE","2006-02-15 05:09:17"
1,437,"BRIDE INTRIGUE","2006-02-15 05:09:17"
1,438,"BRIDE INTRIGUE","2006-02-15 05:09:17"
1,439,"BRIDE INTRIGUE","2006-02-15 05:09:17"
1,442,"BRIGHT ENCOUNTERS","2006-02-15 05:09:17"
1,443,"BRIGHT ENCOUNTERS","2006-02-15 05:09:17"
1,444,"BRIGHT ENCOUNTERS","2006-02-15 05:09:17"
1,445,"BRINGING HYSTERICAL","2006-02-15 05:09:17"
1,446,"BRINGING HYSTERICAL","2006-02-15 05:09:17"
1,447,"BRINGING HYSTERICAL","2006-02-15 05:09:17"
1,451,"BROOKLYN DESERT","2006-02-15 05:09:17"
1,452,"BROOKLYN DESERT","2006-02-15 05:09:17"
1,453,"BROOKLYN DESERT","2006-02-15 05:09:17"
1,454,"BROOKLYN DESERT","2006-02-15 05:09:17"
1,457,"BROTHERHOOD BLANKET","2006-02-15 05:09:17"
1,458,"BROTHERHOOD BLANKET","2006-02-15 05:09:17"
1,459,"BROTHERHOOD BLANKET","2006-02-15 05:09:17"
1,460,"BROTHERHOOD BLANKET","2006-02-15 05:09:17"
1,465,"BUCKET BROTHERHOOD","2006-02-15 05:09:17"
1,466,"BUCKET BROTHERHOOD","2006-02-15 05:09:17"
1,467,"BUCKET BROTHERHOOD","2006-02-15 05:09:17"
1,468,"BUCKET BROTHERHOOD","2006-02-15 05:09:17"
1,476,"BULL SHAWSHANK","2006-02-15 05:09:17"
1,477,"BULL SHAWSHANK","2006-02-15 05:09:17"
1,481,"BULWORTH COMMANDMENTS","2006-02-15 05:09:17"
1,482,"BULWORTH COMMANDMENTS","2006-02-15 05:09:17"
1,485,"BUTTERFLY CHOCOLAT","2006-02-15 05:09:17"
1,486,"BUTTERFLY CHOCOLAT","2006-02-15 05:09:17"
1,487,"BUTTERFLY CHOCOLAT","2006-02-15 05:09:17"
1,488,"BUTTERFLY CHOCOLAT","2006-02-15 05:09:17"
1,493,"CABIN FLASH","2006-02-15 05:09:17"
1,494,"CABIN FLASH","2006-02-15 05:09:17"
1,495,"CABIN FLASH","2006-02-15 05:09:17"
1,496,"CABIN FLASH","2006-02-15 05:09:17"
1,501,"CALENDAR GUNFIGHT","2006-02-15 05:09:17"
1,502,"CALENDAR GUNFIGHT","2006-02-15 05:09:17"
1,503,"CALENDAR GUNFIGHT","2006-02-15 05:09:17"
1,504,"CALENDAR GUNFIGHT","2006-02-15 05:09:17"
1,512,"CAMELOT VACATION","2006-02-15 05:09:17"
1,513,"CAMELOT VACATION","2006-02-15 05:09:17"
1,514,"CAMELOT VACATION","2006-02-15 05:09:17"
1,515,"CAMELOT VACATION","2006-02-15 05:09:17"
1,519,"CAMPUS REMEMBER","2006-02-15 05:09:17"
1,520,"CAMPUS REMEMBER","2006-02-15 05:09:17"
1,521,"CAMPUS REMEMBER","2006-02-15 05:09:17"
1,526,"CANDIDATE PERDITION","2006-02-15 05:09:17"
1,527,"CANDIDATE PERDITION","2006-02-15 05:09:17"
1,532,"CANDLES GRAPES","2006-02-15 05:09:17"
1,533,"CANDLES GRAPES","2006-02-15 05:09:17"
1,534,"CANDLES GRAPES","2006-02-15 05:09:17"
1,535,"CANDLES GRAPES","2006-02-15 05:09:17"
1,538,"CANYON STOCK","2006-02-15 05:09:17"
1,539,"CANYON STOCK","2006-02-15 05:09:17"
1,540,"CANYON STOCK","2006-02-15 05:09:17"
1,541,"CANYON STOCK","2006-02-15 05:09:17"
1,544,"CAPER MOTIONS","2006-02-15 05:09:17"
1,545,"CAPER MOTIONS","2006-02-15 05:09:17"
1,546,"CAPER MOTIONS","2006-02-15 05:09:17"
1,551,"CARIBBEAN LIBERTY","2006-02-15 05:09:17"
1,552,"CARIBBEAN LIBERTY","2006-02-15 05:09:17"
1,553,"CARIBBEAN LIBERTY","2006-02-15 05:09:17"
1,554,"CAROL TEXAS","2006-02-15 05:09:17"
1,555,"CAROL TEXAS","2006-02-15 05:09:17"
1,556,"CAROL TEXAS","2006-02-15 05:09:17"
1,560,"CARRIE BUNCH","2006-02-15 05:09:17"
1,561,"CARRIE BUNCH","2006-02-15 05:09:17"
1,562,"CARRIE BUNCH","2006-02-15 05:09:17"
1,563,"CARRIE BUNCH","2006-02-15 05:09:17"
1,567,"CASABLANCA SUPER","2006-02-15 05:09:17"
1,568,"CASABLANCA SUPER","2006-02-15 05:09:17"
1,580,"CAT CONEHEADS","2006-02-15 05:09:17"
1,581,"CAT CONEHEADS","2006-02-15 05:09:17"
1,582,"CAT CONEHEADS","2006-02-15 05:09:17"
1,583,"CAT CONEHEADS","2006-02-15 05:09:17"
1,588,"CAUSE DATE","2006-02-15 05:09:17"
1,589,"CAUSE DATE","2006-02-15 05:09:17"
1,590,"CAUSE DATE","2006-02-15 05:09:17"
1,594,"CELEBRITY HORN","2006-02-15 05:09:17"
1,595,"CELEBRITY HORN","2006-02-15 05:09:17"
1,600,"CENTER DINOSAUR","2006-02-15 05:09:17"
1,601,"CENTER DINOSAUR","2006-02-15 05:09:17"
1,602,"CENTER DINOSAUR","2006-02-15 05:09:17"
1,603,"CENTER DINOSAUR","2006-02-15 05:09:17"
1,606,"CHAINSAW UPTOWN","2006-02-15 05:09:17"
1,607,"CHAINSAW UPTOWN","2006-02-15 05:09:17"
1,608,"CHAINSAW UPTOWN","2006-02-15 05:09:17"
1,609,"CHAINSAW UPTOWN","2006-02-15 05:09:17"
1,612,"CHAMBER ITALIAN","2006-02-15 05:09:17"
1,613,"CHAMBER ITALIAN","2006-02-15 05:09:17"
1,619,"CHANCE RESURRECTION","2006-02-15 05:09:17"
1,620,"CHANCE RESURRECTION","2006-02-15 05:09:17"
1,621,"CHANCE RESURRECTION","2006-02-15 05:09:17"
1,626,"CHAPLIN LICENSE","2006-02-15 05:09:17"
1,627,"CHAPLIN LICENSE","2006-02-15 05:09:17"
1,628,"CHAPLIN LICENSE","2006-02-15 05:09:17"
1,633,"CHARIOTS CONSPIRACY","2006-02-15 05:09:17"
1,634,"CHARIOTS CONSPIRACY","2006-02-15 05:09:17"
1,638,"CHASING FIGHT","2006-02-15 05:09:17"
1,639,"CHASING FIGHT","2006-02-15 05:09:17"
1,640,"CHASING FIGHT","2006-02-15 05:09:17"
1,641,"CHASING FIGHT","2006-02-15 05:09:17"
1,644,"CHEAPER CLYDE","2006-02-15 05:09:17"
1,645,"CHEAPER CLYDE","2006-02-15 05:09:17"
1,649,"CHICAGO NORTH","2006-02-15 05:09:17"
1,650,"CHICAGO NORTH","2006-02-15 05:09:17"
1,651,"CHICAGO NORTH","2006-02-15 05:09:17"
1,654,"CHICKEN HELLFIGHTERS","2006-02-15 05:09:17"
1,655,"CHICKEN HELLFIGHTERS","2006-02-15 05:09:17"
1,656,"CHICKEN HELLFIGHTERS","2006-02-15 05:09:17"
1,659,"CHILL LUCK","2006-02-15 05:09:17"
1,660,"CHILL LUCK","2006-02-15 05:09:17"
1,661,"CHILL LUCK","2006-02-15 05:09:17"
1,662,"CHILL LUCK","2006-02-15 05:09:17"
1,669,"CHITTY LOCK","2006-02-15 05:09:17"
1,670,"CHITTY LOCK","2006-02-15 05:09:17"
1,671,"CHITTY LOCK","2006-02-15 05:09:17"
1,672,"CHOCOLAT HARRY","2006-02-15 05:09:17"
1,673,"CHOCOLAT HARRY","2006-02-15 05:09:17"
1,674,"CHOCOLAT HARRY","2006-02-15 05:09:17"
1,678,"CHRISTMAS MOONSHINE","2006-02-15 05:09:17"
1,679,"CHRISTMAS MOONSHINE","2006-02-15 05:09:17"
1,680,"CHRISTMAS MOONSHINE","2006-02-15 05:09:17"
1,684,"CIDER DESIRE","2006-02-15 05:09:17"
1,685,"CIDER DESIRE","2006-02-15 05:09:17"
1,690,"CINCINATTI WHISPERER","2006-02-15 05:09:17"
1,691,"CINCINATTI WHISPERER","2006-02-15 05:09:17"
1,694,"CIRCUS YOUTH","2006-02-15 05:09:17"
1,695,"CIRCUS YOUTH","2006-02-15 05:09:17"
1,696,"CIRCUS YOUTH","2006-02-15 05:09:17"
1,697,"CIRCUS YOUTH","2006-02-15 05:09:17"
1,698,"CITIZEN SHREK","2006-02-15 05:09:17"
1,699,"CITIZEN SHREK","2006-02-15 05:09:17"
1,700,"CITIZEN SHREK","2006-02-15 05:09:17"
1,701,"CITIZEN SHREK","2006-02-15 05:09:17"
1,702,"CLASH FREDDY","2006-02-15 05:09:17"
1,703,"CLASH FREDDY","2006-02-15 05:09:17"
1,704,"CLASH FREDDY","2006-02-15 05:09:17"
1,709,"CLEOPATRA DEVIL","2006-02-15 05:09:17"
1,710,"CLEOPATRA DEVIL","2006-02-15 05:09:17"
1,719,"CLONES PINOCCHIO","2006-02-15 05:09:17"
1,720,"CLONES PINOCCHIO","2006-02-15 05:09:17"
1,724,"CLOSER BANG","2006-02-15 05:09:17"
1,725,"CLOSER BANG","2006-02-15 05:09:17"
1,726,"CLOSER BANG","2006-02-15 05:09:17"
1,727,"CLOSER BANG","2006-02-15 05:09:17"
1,731,"CLUB GRAFFITI","2006-02-15 05:09:17"
1,732,"CLUB GRAFFITI","2006-02-15 05:09:17"
1,736,"CLUE GRAIL","2006-02-15 05:09:17"
1,737,"CLUE GRAIL","2006-02-15 05:09:17"
1,738,"CLUELESS BUCKET","2006-02-15 05:09:17"
1,739,"CLUELESS BUCKET","2006-02-15 05:09:17"
1,740,"CLUELESS BUCKET","2006-02-15 05:09:17"
1,748,"COAST RAINBOW","2006-02-15 05:09:17"
1,749,"COAST RAINBOW","2006-02-15 05:09:17"
1,753,"COLDBLOODED DARLING","2006-02-15 05:09:17"
1,754,"COLDBLOODED DARLING","2006-02-15 05:09:17"
1,755,"COLDBLOODED DARLING","2006-02-15 05:09:17"
1,758,"COLOR PHILADELPHIA","2006-02-15 05:09:17"
1,759,"COLOR PHILADELPHIA","2006-02-15 05:09:17"
1,760,"COLOR PHILADELPHIA","2006-02-15 05:09:17"
1,761,"COLOR PHILADELPHIA","2006-02-15 05:09:17"
1,764,"COMA HEAD","2006-02-15 05:09:17"
1,765,"COMA HEAD","2006-02-15 05:09:17"
1,766,"COMA HEAD","2006-02-15 05:09:17"
1,767,"COMA HEAD","2006-02-15 05:09:17"
1,771,"COMANCHEROS ENEMY","2006-02-15 05:09:17"
1,772,"COMANCHEROS ENEMY","2006-02-15 05:09:17"
1,773,"COMFORTS RUSH","2006-02-15 05:09:17"
1,774,"COMFORTS RUSH","2006-02-15 05:09:17"
1,777,"COMMAND DARLING","2006-02-15 05:09:17"
1,778,"COMMAND DARLING","2006-02-15 05:09:17"
1,783,"CONEHEADS SMOOCHY","2006-02-15 05:09:17"
1,784,"CONEHEADS SMOOCHY","2006-02-15 05:09:17"
1,785,"CONEHEADS SMOOCHY","2006-02-15 05:09:17"
1,786,"CONEHEADS SMOOCHY","2006-02-15 05:09:17"
1,790,"CONFESSIONS MAGUIRE","2006-02-15 05:09:17"
1,791,"CONFESSIONS MAGUIRE","2006-02-15 05:09:17"
1,792,"CONFESSIONS MAGUIRE","2006-02-15 05:09:17"
1,795,"CONFIDENTIAL INTERVIEW","2006-02-15 05:09:17"
1,796,"CONFIDENTIAL INTERVIEW","2006-02-15 05:09:17"
1,797,"CONFIDENTIAL INTERVIEW","2006-02-15 05:09:17"
1,798,"CONFIDENTIAL INTERVIEW","2006-02-15 05:09:17"
1,803,"CONFUSED CANDLES","2006-02-15 05:09:17"
1,804,"CONFUSED CANDLES","2006-02-15 05:09:17"
1,808,"CONGENIALITY QUEST","2006-02-15 05:09:17"
1,809,"CONGENIALITY QUEST","2006-02-15 05:09:17"
1,817,"CONNECTION MICROCOSMOS","2006-02-15 05:09:17"
1,818,"CONNECTION MICROCOSMOS","2006-02-15 05:09:17"
1,819,"CONQUERER NUTS","2006-02-15 05:09:17"
1,820,"CONQUERER NUTS","2006-02-15 05:09:17"
1,821,"CONQUERER NUTS","2006-02-15 05:09:17"
1,822,"CONQUERER NUTS","2006-02-15 05:09:17"
1,825,"CONTACT ANONYMOUS","2006-02-15 05:09:17"
1,826,"CONTACT ANONYMOUS","2006-02-15 05:09:17"
1,827,"CONTACT ANONYMOUS","2006-02-15 05:09:17"
1,832,"CONTROL ANTHEM","2006-02-15 05:09:17"
1,833,"CONTROL ANTHEM","2006-02-15 05:09:17"
1,834,"CONVERSATION DOWNHILL","2006-02-15 05:09:17"
1,835,"CONVERSATION DOWNHILL","2006-02-15 05:09:17"
1,836,"CONVERSATION DOWNHILL","2006-02-15 05:09:17"
1,840,"CORE SUIT","2006-02-15 05:09:17"
1,841,"CORE SUIT","2006-02-15 05:09:17"
1,845,"COWBOY DOOM","2006-02-15 05:09:17"
1,846,"COWBOY DOOM","2006-02-15 05:09:17"
1,847,"CRAFT OUTFIELD","2006-02-15 05:09:17"
1,848,"CRAFT OUTFIELD","2006-02-15 05:09:17"
1,854,"CRAZY HOME","2006-02-15 05:09:17"
1,855,"CRAZY HOME","2006-02-15 05:09:17"
1,856,"CRAZY HOME","2006-02-15 05:09:17"
1,857,"CREATURES SHAKESPEARE","2006-02-15 05:09:17"
1,858,"CREATURES SHAKESPEARE","2006-02-15 05:09:17"
1,867,"CROOKED FROGMEN","2006-02-15 05:09:17"
1,868,"CROOKED FROGMEN","2006-02-15 05:09:17"
1,869,"CROOKED FROGMEN","2006-02-15 05:09:17"
1,873,"CROSSROADS CASUALTIES","2006-02-15 05:09:17"
1,874,"CROSSROADS CASUALTIES","2006-02-15 05:09:17"
1,875,"CROSSROADS CASUALTIES","2006-02-15 05:09:17"
1,876,"CROSSROADS CASUALTIES","2006-02-15 05:09:17"
1,881,"CROW GREASE","2006-02-15 05:09:17"
1,882,"CROW GREASE","2006-02-15 05:09:17"
1,885,"CRUELTY UNFORGIVEN","2006-02-15 05:09:17"
1,886,"CRUELTY UNFORGIVEN","2006-02-15 05:09:17"
1,887,"CRUSADE HONEY","2006-02-15 05:09:17"
1,888,"CRUSADE HONEY","2006-02-15 05:09:17"
1,889,"CUPBOARD SINNERS","2006-02-15 05:09:17"
1,890,"CUPBOARD SINNERS","2006-02-15 05:09:17"
1,891,"CUPBOARD SINNERS","2006-02-15 05:09:17"
1,892,"CUPBOARD SINNERS","2006-02-15 05:09:17"
1,897,"CURTAIN VIDEOTAPE","2006-02-15 05:09:17"
1,898,"CURTAIN VIDEOTAPE","2006-02-15 05:09:17"
1,899,"CURTAIN VIDEOTAPE","2006-02-15 05:09:17"
1,900,"CURTAIN VIDEOTAPE","2006-02-15 05:09:17"
1,905,"CYCLONE FAMILY","2006-02-15 05:09:17"
1,906,"CYCLONE FAMILY","2006-02-15 05:09:17"
1,907,"CYCLONE FAMILY","2006-02-15 05:09:17"
1,908,"CYCLONE FAMILY","2006-02-15 05:09:17"
1,909,"DADDY PITTSBURGH","2006-02-15 05:09:17"
1,910,"DADDY PITTSBURGH","2006-02-15 05:09:17"
1,911,"DADDY PITTSBURGH","2006-02-15 05:09:17"
1,916,"DALMATIONS SWEDEN","2006-02-15 05:09:17"
1,917,"DALMATIONS SWEDEN","2006-02-15 05:09:17"
1,918,"DALMATIONS SWEDEN","2006-02-15 05:09:17"
1,919,"DALMATIONS SWEDEN","2006-02-15 05:09:17"
1,922,"DANCES NONE","2006-02-15 05:09:17"
1,923,"DANCES NONE","2006-02-15 05:09:17"
1,924,"DANCES NONE","2006-02-15 05:09:17"
1,925,"DANCES NONE","2006-02-15 05:09:17"
1,926,"DANCING FEVER","2006-02-15 05:09:17"
1,927,"DANCING FEVER","2006-02-15 05:09:17"
1,928,"DANCING FEVER","2006-02-15 05:09:17"
1,929,"DANCING FEVER","2006-02-15 05:09:17"
1,934,"DANGEROUS UPTOWN","2006-02-15 05:09:17"
1,935,"DANGEROUS UPTOWN","2006-02-15 05:09:17"
1,936,"DANGEROUS UPTOWN","2006-02-15 05:09:17"
1,937,"DANGEROUS UPTOWN","2006-02-15 05:09:17"
1,938,"DARES PLUTO","2006-02-15 05:09:17"
1,939,"DARES PLUTO","2006-02-15 05:09:17"
1,940,"DARES PLUTO","2006-02-15 05:09:17"
1,941,"DARKNESS WAR","2006-02-15 05:09:17"
1,942,"DARKNESS WAR","2006-02-15 05:09:17"
1,943,"DARKNESS WAR","2006-02-15 05:09:17"
1,944,"DARKNESS WAR","2006-02-15 05:09:17"
1,948,"DARLING BREAKING","2006-02-15 05:09:17"
1,949,"DARLING BREAKING","2006-02-15 05:09:17"
1,950,"DARN FORRESTER","2006-02-15 05:09:17"
1,951,"DARN FORRESTER","2006-02-15 05:09:17"
1,952,"DARN FORRESTER","2006-02-15 05:09:17"
1,955,"DATE SPEED","2006-02-15 05:09:17"
1,956,"DATE SPEED","2006-02-15 05:09:17"
1,957,"DATE SPEED","2006-02-15 05:09:17"
1,958,"DATE SPEED","2006-02-15 05:09:17"
1,963,"DAWN POND","2006-02-15 05:09:17"
1,964,"DAWN POND","2006-02-15 05:09:17"
1,965,"DAWN POND","2006-02-15 05:09:17"
1,969,"DAY UNFAITHFUL","2006-02-15 05:09:17"
1,970,"DAY UNFAITHFUL","2006-02-15 05:09:17"
1,974,"DECEIVER BETRAYED","2006-02-15 05:09:17"
1,975,"DECEIVER BETRAYED","2006-02-15 05:09:17"
1,976,"DECEIVER BETRAYED","2006-02-15 05:09:17"
1,977,"DECEIVER BETRAYED","2006-02-15 05:09:17"
1,981,"DEEP CRUSADE","2006-02-15 05:09:17"
1,982,"DEEP CRUSADE","2006-02-15 05:09:17"
1,983,"DEEP CRUSADE","2006-02-15 05:09:17"
1,984,"DEEP CRUSADE","2006-02-15 05:09:17"
1,985,"DEER VIRGINIAN","2006-02-15 05:09:17"
1,986,"DEER VIRGINIAN","2006-02-15 05:09:17"
1,987,"DEER VIRGINIAN","2006-02-15 05:09:17"
1,988,"DEER VIRGINIAN","2006-02-15 05:09:17"
1,993,"DESERT POSEIDON","2006-02-15 05:09:17"
1,994,"DESERT POSEIDON","2006-02-15 05:09:17"
1,1001,"DESPERATE TRAINSPOTTING","2006-02-15 05:09:17"
1,1002,"DESPERATE TRAINSPOTTING","2006-02-15 05:09:17"
1,1003,"DESTINATION JERK","2006-02-15 05:09:17"
1,1004,"DESTINATION JERK","2006-02-15 05:09:17"
1,1005,"DESTINATION JERK","2006-02-15 05:09:17"
1,1006,"DESTINY SATURDAY","2006-02-15 05:09:17"
1,1007,"DESTINY SATURDAY","2006-02-15 05:09:17"
1,1011,"DETAILS PACKER","2006-02-15 05:09:17"
1,1012,"DETAILS PACKER","2006-02-15 05:09:17"
1,1013,"DETAILS PACKER","2006-02-15 05:09:17"
1,1016,"DETECTIVE VISION","2006-02-15 05:09:17"
1,1017,"DETECTIVE VISION","2006-02-15 05:09:17"
1,1018,"DETECTIVE VISION","2006-02-15 05:09:17"
1,1023,"DEVIL DESIRE","2006-02-15 05:09:17"
1,1024,"DEVIL DESIRE","2006-02-15 05:09:17"
1,1027,"DIARY PANIC","2006-02-15 05:09:17"
1,1028,"DIARY PANIC","2006-02-15 05:09:17"
1,1029,"DINOSAUR SECRETARY","2006-02-15 05:09:17"
1,1030,"DINOSAUR SECRETARY","2006-02-15 05:09:17"
1,1031,"DINOSAUR SECRETARY","2006-02-15 05:09:17"
1,1032,"DINOSAUR SECRETARY","2006-02-15 05:09:17"
1,1037,"DIRTY ACE","2006-02-15 05:09:17"
1,1038,"DIRTY ACE","2006-02-15 05:09:17"
1,1039,"DIRTY ACE","2006-02-15 05:09:17"
1,1042,"DISCIPLE MOTHER","2006-02-15 05:09:17"
1,1043,"DISCIPLE MOTHER","2006-02-15 05:09:17"
1,1044,"DISCIPLE MOTHER","2006-02-15 05:09:17"
1,1045,"DISCIPLE MOTHER","2006-02-15 05:09:17"
1,1048,"DISTURBING SCARFACE","2006-02-15 05:09:17"
1,1049,"DISTURBING SCARFACE","2006-02-15 05:09:17"
1,1050,"DISTURBING SCARFACE","2006-02-15 05:09:17"
1,1051,"DISTURBING SCARFACE","2006-02-15 05:09:17"
1,1055,"DIVIDE MONSTER","2006-02-15 05:09:17"
1,1056,"DIVIDE MONSTER","2006-02-15 05:09:17"
1,1065,"DIVORCE SHINING","2006-02-15 05:09:17"
1,1066,"DIVORCE SHINING","2006-02-15 05:09:17"
1,1067,"DOCTOR GRAIL","2006-02-15 05:09:17"
1,1068,"DOCTOR GRAIL","2006-02-15 05:09:17"
1,1069,"DOGMA FAMILY","2006-02-15 05:09:17"
1,1070,"DOGMA FAMILY","2006-02-15 05:09:17"
1,1071,"DOGMA FAMILY","2006-02-15 05:09:17"
1,1072,"DOGMA FAMILY","2006-02-15 05:09:17"
1,1080,"DONNIE ALLEY","2006-02-15 05:09:17"
1,1081,"DONNIE ALLEY","2006-02-15 05:09:17"
1,1082,"DONNIE ALLEY","2006-02-15 05:09:17"
1,1083,"DONNIE ALLEY","2006-02-15 05:09:17"
1,1084,"DOOM DANCING","2006-02-15 05:09:17"
1,1085,"DOOM DANCING","2006-02-15 05:09:17"
1,1089,"DOORS PRESIDENT","2006-02-15 05:09:17"
1,1090,"DOORS PRESIDENT","2006-02-15 05:09:17"
1,1095,"DORADO NOTTING","2006-02-15 05:09:17"
1,1096,"DORADO NOTTING","2006-02-15 05:09:17"
1,1097,"DORADO NOTTING","2006-02-15 05:09:17"
1,1098,"DORADO NOTTING","2006-02-15 05:09:17"
1,1102,"DOUBLE WRATH","2006-02-15 05:09:17"
1,1103,"DOUBLE WRATH","2006-02-15 05:09:17"
1,1104,"DOUBLE WRATH","2006-02-15 05:09:17"
1,1112,"DOWNHILL ENOUGH","2006-02-15 05:09:17"
1,1113,"DOWNHILL ENOUGH","2006-02-15 05:09:17"
1,1114,"DOWNHILL ENOUGH","2006-02-15 05:09:17"
1,1121,"DRACULA CRYSTAL","2006-02-15 05:09:17"
1,1122,"DRACULA CRYSTAL","2006-02-15 05:09:17"
1,1131,"DRAGONFLY STRANGERS","2006-02-15 05:09:17"
1,1132,"DRAGONFLY STRANGERS","2006-02-15 05:09:17"
1,1136,"DREAM PICKUP","2006-02-15 05:09:17"
1,1137,"DREAM PICKUP","2006-02-15 05:09:17"
1,1138,"DREAM PICKUP","2006-02-15 05:09:17"
1,1142,"DRIFTER COMMANDMENTS","2006-02-15 05:09:17"
1,1143,"DRIFTER COMMANDMENTS","2006-02-15 05:09:17"
1,1144,"DRIFTER COMMANDMENTS","2006-02-15 05:09:17"
1,1145,"DRIFTER COMMANDMENTS","2006-02-15 05:09:17"
1,1148,"DRIVER ANNIE","2006-02-15 05:09:17"
1,1149,"DRIVER ANNIE","2006-02-15 05:09:17"
1,1153,"DRIVING POLISH","2006-02-15 05:09:17"
1,1154,"DRIVING POLISH","2006-02-15 05:09:17"
1,1155,"DRIVING POLISH","2006-02-15 05:09:17"
1,1156,"DRIVING POLISH","2006-02-15 05:09:17"
1,1169,"DUCK RACER","2006-02-15 05:09:17"
1,1170,"DUCK RACER","2006-02-15 05:09:17"
1,1175,"DUFFEL APOCALYPSE","2006-02-15 05:09:17"
1,1176,"DUFFEL APOCALYPSE","2006-02-15 05:09:17"
1,1179,"DURHAM PANKY","2006-02-15 05:09:17"
1,1180,"DURHAM PANKY","2006-02-15 05:09:17"
1,1181,"DURHAM PANKY","2006-02-15 05:09:17"
1,1182,"DURHAM PANKY","2006-02-15 05:09:17"
1,1188,"DYING MAKER","2006-02-15 05:09:17"
1,1189,"DYING MAKER","2006-02-15 05:09:17"
1,1190,"DYING MAKER","2006-02-15 05:09:17"
1,1191,"DYING MAKER","2006-02-15 05:09:17"
1,1192,"DYNAMITE TARZAN","2006-02-15 05:09:17"
1,1193,"DYNAMITE TARZAN","2006-02-15 05:09:17"
1,1194,"DYNAMITE TARZAN","2006-02-15 05:09:17"
1,1195,"DYNAMITE TARZAN","2006-02-15 05:09:17"
1,1200,"EAGLES PANKY","2006-02-15 05:09:17"
1,1201,"EAGLES PANKY","2006-02-15 05:09:17"
1,1202,"EAGLES PANKY","2006-02-15 05:09:17"
1,1203,"EAGLES PANKY","2006-02-15 05:09:17"
1,1208,"EARRING INSTINCT","2006-02-15 05:09:17"
1,1209,"EARRING INSTINCT","2006-02-15 05:09:17"
1,1214,"EARTH VISION","2006-02-15 05:09:17"
1,1215,"EARTH VISION","2006-02-15 05:09:17"
1,1216,"EARTH VISION","2006-02-15 05:09:17"
1,1221,"EASY GLADIATOR","2006-02-15 05:09:17"
1,1222,"EASY GLADIATOR","2006-02-15 05:09:17"
1,1223,"EASY GLADIATOR","2006-02-15 05:09:17"
1,1226,"EDGE KISSING","2006-02-15 05:09:17"
1,1227,"EDGE KISSING","2006-02-15 05:09:17"
1,1228,"EDGE KISSING","2006-02-15 05:09:17"
1,1229,"EDGE KISSING","2006-02-15 05:09:17"
1,1230,"EFFECT GLADIATOR","2006-02-15 05:09:17"
1,1231,"EFFECT GLADIATOR","2006-02-15 05:09:17"
1,1232,"EFFECT GLADIATOR","2006-02-15 05:09:17"
1,1233,"EFFECT GLADIATOR","2006-02-15 05:09:17"
1,1237,"EGG IGBY","2006-02-15 05:09:17"
1,1238,"EGG IGBY","2006-02-15 05:09:17"
1,1239,"EGG IGBY","2006-02-15 05:09:17"
1,1244,"EGYPT TENENBAUMS","2006-02-15 05:09:17"
1,1245,"EGYPT TENENBAUMS","2006-02-15 05:09:17"
1,1246,"EGYPT TENENBAUMS","2006-02-15 05:09:17"
1,1249,"ELEMENT FREDDY","2006-02-15 05:09:17"
1,1250,"ELEMENT FREDDY","2006-02-15 05:09:17"
1,1251,"ELEMENT FREDDY","2006-02-15 05:09:17"
1,1252,"ELEMENT FREDDY","2006-02-15 05:09:17"
1,1253,"ELEPHANT TROJAN","2006-02-15 05:09:17"
1,1254,"ELEPHANT TROJAN","2006-02-15 05:09:17"
1,1255,"ELEPHANT TROJAN","2006-02-15 05:09:17"
1,1256,"ELF MURDER","2006-02-15 05:09:17"
1,1257,"ELF MURDER","2006-02-15 05:09:17"
1,1258,"ELIZABETH SHANE","2006-02-15 05:09:17"
1,1259,"ELIZABETH SHANE","2006-02-15 05:09:17"
1,1260,"EMPIRE MALKOVICH","2006-02-15 05:09:17"
1,1261,"EMPIRE MALKOVICH","2006-02-15 05:09:17"
1,1262,"EMPIRE MALKOVICH","2006-02-15 05:09:17"
1,1263,"EMPIRE MALKOVICH","2006-02-15 05:09:17"
1,1266,"ENCINO ELF","2006-02-15 05:09:17"
1,1267,"ENCINO ELF","2006-02-15 05:09:17"
1,1272,"ENCOUNTERS CURTAIN","2006-02-15 05:09:17"
1,1273,"ENCOUNTERS CURTAIN","2006-02-15 05:09:17"
1,1274,"ENCOUNTERS CURTAIN","2006-02-15 05:09:17"
1,1278,"ENDING CROWDS","2006-02-15 05:09:17"
1,1279,"ENDING CROWDS","2006-02-15 05:09:17"
1,1280,"ENDING CROWDS","2006-02-15 05:09:17"
1,1281,"ENEMY ODDS","2006-02-15 05:09:17"
1,1282,"ENEMY ODDS","2006-02-15 05:09:17"
1,1283,"ENEMY ODDS","2006-02-15 05:09:17"
1,1288,"ENGLISH BULWORTH","2006-02-15 05:09:17"
1,1289,"ENGLISH BULWORTH","2006-02-15 05:09:17"
1,1290,"ENGLISH BULWORTH","2006-02-15 05:09:17"
1,1295,"ENOUGH RAGING","2006-02-15 05:09:17"
1,1296,"ENOUGH RAGING","2006-02-15 05:09:17"
1,1300,"ENTRAPMENT SATISFACTION","2006-02-15 05:09:17"
1,1301,"ENTRAPMENT SATISFACTION","2006-02-15 05:09:17"
1,1304,"ESCAPE METROPOLIS","2006-02-15 05:09:17"
1,1305,"ESCAPE METROPOLIS","2006-02-15 05:09:17"
1,1310,"EVE RESURRECTION","2006-02-15 05:09:17"
1,1311,"EVE RESURRECTION","2006-02-15 05:09:17"
1,1312,"EVERYONE CRAFT","2006-02-15 05:09:17"
1,1313,"EVERYONE CRAFT","2006-02-15 05:09:17"
1,1314,"EVERYONE CRAFT","2006-02-15 05:09:17"
1,1315,"EVOLUTION ALTER","2006-02-15 05:09:17"
1,1316,"EVOLUTION ALTER","2006-02-15 05:09:17"
1,1317,"EVOLUTION ALTER","2006-02-15 05:09:17"
1,1318,"EVOLUTION ALTER","2006-02-15 05:09:17"
1,1319,"EXCITEMENT EVE","2006-02-15 05:09:17"
1,1320,"EXCITEMENT EVE","2006-02-15 05:09:17"
1,1321,"EXCITEMENT EVE","2006-02-15 05:09:17"
1,1325,"EXORCIST STING","2006-02-15 05:09:17"
1,1326,"EXORCIST STING","2006-02-15 05:09:17"
1,1330,"EXPECATIONS NATURAL","2006-02-15 05:09:17"
1,1331,"EXPECATIONS NATURAL","2006-02-15 05:09:17"
1,1335,"EXPENDABLE STALLION","2006-02-15 05:09:17"
1,1336,"EXPENDABLE STALLION","2006-02-15 05:09:17"
1,1337,"EXPENDABLE STALLION","2006-02-15 05:09:17"
1,1338,"EXPENDABLE STALLION","2006-02-15 05:09:17"
1,1343,"EXPRESS LONELY","2006-02-15 05:09:17"
1,1344,"EXPRESS LONELY","2006-02-15 05:09:17"
1,1345,"EXPRESS LONELY","2006-02-15 05:09:17"
1,1346,"EXPRESS LONELY","2006-02-15 05:09:17"
1,1349,"EYES DRIVING","2006-02-15 05:09:17"
1,1350,"EYES DRIVING","2006-02-15 05:09:17"
1,1354,"FACTORY DRAGON","2006-02-15 05:09:17"
1,1355,"FACTORY DRAGON","2006-02-15 05:09:17"
1,1356,"FACTORY DRAGON","2006-02-15 05:09:17"
1,1357,"FACTORY DRAGON","2006-02-15 05:09:17"
1,1358,"FALCON VOLUME","2006-02-15 05:09:17"
1,1359,"FALCON VOLUME","2006-02-15 05:09:17"
1,1364,"FAMILY SWEET","2006-02-15 05:09:17"
1,1365,"FAMILY SWEET","2006-02-15 05:09:17"
1,1366,"FAMILY SWEET","2006-02-15 05:09:17"
1,1367,"FAMILY SWEET","2006-02-15 05:09:17"
1,1372,"FANTASIA PARK","2006-02-15 05:09:17"
1,1373,"FANTASIA PARK","2006-02-15 05:09:17"
1,1378,"FANTASY TROOPERS","2006-02-15 05:09:17"
1,1379,"FANTASY TROOPERS","2006-02-15 05:09:17"
1,1380,"FANTASY TROOPERS","2006-02-15 05:09:17"
1,1381,"FANTASY TROOPERS","2006-02-15 05:09:17"
1,1384,"FARGO GANDHI","2006-02-15 05:09:17"
1,1385,"FARGO GANDHI","2006-02-15 05:09:17"
1,1386,"FARGO GANDHI","2006-02-15 05:09:17"
1,1387,"FARGO GANDHI","2006-02-15 05:09:17"
1,1390,"FATAL HAUNTED","2006-02-15 05:09:17"
1,1391,"FATAL HAUNTED","2006-02-15 05:09:17"
1,1392,"FATAL HAUNTED","2006-02-15 05:09:17"
1,1393,"FATAL HAUNTED","2006-02-15 05:09:17"
1,1397,"FEATHERS METAL","2006-02-15 05:09:17"
1,1398,"FEATHERS METAL","2006-02-15 05:09:17"
1,1399,"FEATHERS METAL","2006-02-15 05:09:17"
1,1400,"FELLOWSHIP AUTUMN","2006-02-15 05:09:17"
1,1401,"FELLOWSHIP AUTUMN","2006-02-15 05:09:17"
1,1402,"FELLOWSHIP AUTUMN","2006-02-15 05:09:17"
1,1406,"FERRIS MOTHER","2006-02-15 05:09:17"
1,1407,"FERRIS MOTHER","2006-02-15 05:09:17"
1,1410,"FEUD FROGMEN","2006-02-15 05:09:17"
1,1411,"FEUD FROGMEN","2006-02-15 05:09:17"
1,1416,"FEVER EMPIRE","2006-02-15 05:09:17"
1,1417,"FEVER EMPIRE","2006-02-15 05:09:17"
1,1418,"FICTION CHRISTMAS","2006-02-15 05:09:17"
1,1419,"FICTION CHRISTMAS","2006-02-15 05:09:17"
1,1420,"FICTION CHRISTMAS","2006-02-15 05:09:17"
1,1428,"FIDELITY DEVIL","2006-02-15 05:09:17"
1,1429,"FIDELITY DEVIL","2006-02-15 05:09:17"
1,1430,"FIDELITY DEVIL","2006-02-15 05:09:17"
1,1431,"FIDELITY DEVIL","2006-02-15 05:09:17"
1,1434,"FIGHT JAWBREAKER","2006-02-15 05:09:17"
1,1435,"FIGHT JAWBREAKER","2006-02-15 05:09:17"
1,1445,"FIREBALL PHILADELPHIA","2006-02-15 05:09:17"
1,1446,"FIREBALL PHILADELPHIA","2006-02-15 05:09:17"
1,1447,"FIREBALL PHILADELPHIA","2006-02-15 05:09:17"
1,1448,"FIREBALL PHILADELPHIA","2006-02-15 05:09:17"
1,1452,"FISH OPUS","2006-02-15 05:09:17"
1,1453,"FISH OPUS","2006-02-15 05:09:17"
1,1454,"FISH OPUS","2006-02-15 05:09:17"
1,1459,"FLAMINGOS CONNECTICUT","2006-02-15 05:09:17"
1,1460,"FLAMINGOS CONNECTICUT","2006-02-15 05:09:17"
1,1461,"FLAMINGOS CONNECTICUT","2006-02-15 05:09:17"
1,1466,"FLASH WARS","2006-02-15 05:09:17"
1,1467,"FLASH WARS","2006-02-15 05:09:17"
1,1468,"FLASH WARS","2006-02-15 05:09:17"
1,1469,"FLASH WARS","2006-02-15 05:09:17"
1,1470,"FLATLINERS KILLER","2006-02-15 05:09:17"
1,1471,"FLATLINERS KILLER","2006-02-15 05:09:17"
1,1472,"FLATLINERS KILLER","2006-02-15 05:09:17"
1,1473,"FLATLINERS KILLER","2006-02-15 05:09:17"
1,1480,"FLINTSTONES HAPPINESS","2006-02-15 05:09:17"
1,1481,"FLINTSTONES HAPPINESS","2006-02-15 05:09:17"
1,1482,"FLINTSTONES HAPPINESS","2006-02-15 05:09:17"
1,1485,"FLYING HOOK","2006-02-15 05:09:17"
1,1486,"FLYING HOOK","2006-02-15 05:09:17"
1,1491,"FOOL MOCKINGBIRD","2006-02-15 05:09:17"
1,1492,"FOOL MOCKINGBIRD","2006-02-15 05:09:17"
1,1493,"FOOL MOCKINGBIRD","2006-02-15 05:09:17"
1,1494,"FOOL MOCKINGBIRD","2006-02-15 05:09:17"
1,1501,"FORREST SONS","2006-02-15 05:09:17"
1,1502,"FORREST SONS","2006-02-15 05:09:17"
1,1503,"FORREST SONS","2006-02-15 05:09:17"
1,1507,"FORRESTER COMANCHEROS","2006-02-15 05:09:17"
1,1508,"FORRESTER COMANCHEROS","2006-02-15 05:09:17"
1,1509,"FORRESTER COMANCHEROS","2006-02-15 05:09:17"
1,1510,"FORRESTER COMANCHEROS","2006-02-15 05:09:17"
1,1514,"FORWARD TEMPLE","2006-02-15 05:09:17"
1,1515,"FORWARD TEMPLE","2006-02-15 05:09:17"
1,1516,"FORWARD TEMPLE","2006-02-15 05:09:17"
1,1517,"FORWARD TEMPLE","2006-02-15 05:09:17"
1,1522,"FREAKY POCUS","2006-02-15 05:09:17"
1,1523,"FREAKY POCUS","2006-02-15 05:09:17"
1,1526,"FREDDY STORM","2006-02-15 05:09:17"
1,1527,"FREDDY STORM","2006-02-15 05:09:17"
1,1532,"FREEDOM CLEOPATRA","2006-02-15 05:09:17"
1,1533,"FREEDOM CLEOPATRA","2006-02-15 05:09:17"
1,1534,"FRENCH HOLIDAY","2006-02-15 05:09:17"
1,1535,"FRENCH HOLIDAY","2006-02-15 05:09:17"
1,1536,"FRENCH HOLIDAY","2006-02-15 05:09:17"
1,1539,"FRIDA SLIPPER","2006-02-15 05:09:17"
1,1540,"FRIDA SLIPPER","2006-02-15 05:09:17"
1,1549,"FRONTIER CABIN","2006-02-15 05:09:17"
1,1550,"FRONTIER CABIN","2006-02-15 05:09:17"
1,1551,"FROST HEAD","2006-02-15 05:09:17"
1,1552,"FROST HEAD","2006-02-15 05:09:17"
1,1553,"FROST HEAD","2006-02-15 05:09:17"
1,1554,"FROST HEAD","2006-02-15 05:09:17"
1,1559,"FUGITIVE MAGUIRE","2006-02-15 05:09:17"
1,1560,"FUGITIVE MAGUIRE","2006-02-15 05:09:17"
1,1561,"FUGITIVE MAGUIRE","2006-02-15 05:09:17"
1,1562,"FUGITIVE MAGUIRE","2006-02-15 05:09:17"
1,1563,"FULL FLATLINERS","2006-02-15 05:09:17"
1,1564,"FULL FLATLINERS","2006-02-15 05:09:17"
1,1565,"FURY MURDER","2006-02-15 05:09:17"
1,1566,"FURY MURDER","2006-02-15 05:09:17"
1,1567,"FURY MURDER","2006-02-15 05:09:17"
1,1570,"GABLES METROPOLIS","2006-02-15 05:09:17"
1,1571,"GABLES METROPOLIS","2006-02-15 05:09:17"
1,1572,"GABLES METROPOLIS","2006-02-15 05:09:17"
1,1575,"GALAXY SWEETHEARTS","2006-02-15 05:09:17"
1,1576,"GALAXY SWEETHEARTS","2006-02-15 05:09:17"
1,1581,"GAMES BOWFINGER","2006-02-15 05:09:17"
1,1582,"GAMES BOWFINGER","2006-02-15 05:09:17"
1,1583,"GAMES BOWFINGER","2006-02-15 05:09:17"
1,1584,"GAMES BOWFINGER","2006-02-15 05:09:17"
1,1589,"GANGS PRIDE","2006-02-15 05:09:17"
1,1590,"GANGS PRIDE","2006-02-15 05:09:17"
1,1591,"GANGS PRIDE","2006-02-15 05:09:17"
1,1592,"GANGS PRIDE","2006-02-15 05:09:17"
1,1596,"GARDEN ISLAND","2006-02-15 05:09:17"
1,1597,"GARDEN ISLAND","2006-02-15 05:09:17"
1,1598,"GARDEN ISLAND","2006-02-15 05:09:17"
1,1599,"GARDEN ISLAND","2006-02-15 05:09:17"
1,1604,"GASLIGHT CRUSADE","2006-02-15 05:09:17"
1,1605,"GASLIGHT CRUSADE","2006-02-15 05:09:17"
1,1606,"GASLIGHT CRUSADE","2006-02-15 05:09:17"
1,1614,"GENTLEMEN STAGE","2006-02-15 05:09:17"
1,1615,"GENTLEMEN STAGE","2006-02-15 05:09:17"
1,1620,"GHOST GROUNDHOG","2006-02-15 05:09:17"
1,1621,"GHOST GROUNDHOG","2006-02-15 05:09:17"
1,1622,"GHOST GROUNDHOG","2006-02-15 05:09:17"
1,1627,"GIANT TROOPERS","2006-02-15 05:09:17"
1,1628,"GIANT TROOPERS","2006-02-15 05:09:17"
1,1629,"GIANT TROOPERS","2006-02-15 05:09:17"
1,1630,"GIANT TROOPERS","2006-02-15 05:09:17"
1,1639,"GILMORE BOILED","2006-02-15 05:09:17"
1,1640,"GILMORE BOILED","2006-02-15 05:09:17"
1,1641,"GILMORE BOILED","2006-02-15 05:09:17"
1,1642,"GILMORE BOILED","2006-02-15 05:09:17"
1,1647,"GLASS DYING","2006-02-15 05:09:17"
1,1648,"GLASS DYING","2006-02-15 05:09:17"
1,1649,"GLASS DYING","2006-02-15 05:09:17"
1,1650,"GLASS DYING","2006-02-15 05:09:17"
1,1651,"GLEAMING JAWBREAKER","2006-02-15 05:09:17"
1,1652,"GLEAMING JAWBREAKER","2006-02-15 05:09:17"
1,1653,"GLEAMING JAWBREAKER","2006-02-15 05:09:17"
1,1654,"GLEAMING JAWBREAKER","2006-02-15 05:09:17"
1,1659,"GLORY TRACY","2006-02-15 05:09:17"
1,1660,"GLORY TRACY","2006-02-15 05:09:17"
1,1661,"GO PURPLE","2006-02-15 05:09:17"
1,1662,"GO PURPLE","2006-02-15 05:09:17"
1,1663,"GO PURPLE","2006-02-15 05:09:17"
1,1667,"GODFATHER DIARY","2006-02-15 05:09:17"
1,1668,"GODFATHER DIARY","2006-02-15 05:09:17"
1,1669,"GODFATHER DIARY","2006-02-15 05:09:17"
1,1670,"GOLD RIVER","2006-02-15 05:09:17"
1,1671,"GOLD RIVER","2006-02-15 05:09:17"
1,1674,"GOLDFINGER SENSIBILITY","2006-02-15 05:09:17"
1,1675,"GOLDFINGER SENSIBILITY","2006-02-15 05:09:17"
1,1676,"GOLDFINGER SENSIBILITY","2006-02-15 05:09:17"
1,1677,"GOLDFINGER SENSIBILITY","2006-02-15 05:09:17"
1,1681,"GOLDMINE TYCOON","2006-02-15 05:09:17"
1,1682,"GOLDMINE TYCOON","2006-02-15 05:09:17"
1,1683,"GOLDMINE TYCOON","2006-02-15 05:09:17"
1,1684,"GOLDMINE TYCOON","2006-02-15 05:09:17"
1,1688,"GONE TROUBLE","2006-02-15 05:09:17"
1,1689,"GONE TROUBLE","2006-02-15 05:09:17"
1,1690,"GOODFELLAS SALUTE","2006-02-15 05:09:17"
1,1691,"GOODFELLAS SALUTE","2006-02-15 05:09:17"
1,1692,"GOODFELLAS SALUTE","2006-02-15 05:09:17"
1,1693,"GOODFELLAS SALUTE","2006-02-15 05:09:17"
1,1698,"GORGEOUS BINGO","2006-02-15 05:09:17"
1,1699,"GORGEOUS BINGO","2006-02-15 05:09:17"
1,1700,"GORGEOUS BINGO","2006-02-15 05:09:17"
1,1703,"GOSFORD DONNIE","2006-02-15 05:09:17"
1,1704,"GOSFORD DONNIE","2006-02-15 05:09:17"
1,1705,"GOSFORD DONNIE","2006-02-15 05:09:17"
1,1706,"GRACELAND DYNAMITE","2006-02-15 05:09:17"
1,1707,"GRACELAND DYNAMITE","2006-02-15 05:09:17"
1,1708,"GRADUATE LORD","2006-02-15 05:09:17"
1,1709,"GRADUATE LORD","2006-02-15 05:09:17"
1,1710,"GRADUATE LORD","2006-02-15 05:09:17"
1,1713,"GRAFFITI LOVE","2006-02-15 05:09:17"
1,1714,"GRAFFITI LOVE","2006-02-15 05:09:17"
1,1715,"GRAFFITI LOVE","2006-02-15 05:09:17"
1,1720,"GRAIL FRANKENSTEIN","2006-02-15 05:09:17"
1,1721,"GRAIL FRANKENSTEIN","2006-02-15 05:09:17"
1,1722,"GRAPES FURY","2006-02-15 05:09:17"
1,1723,"GRAPES FURY","2006-02-15 05:09:17"
1,1724,"GRAPES FURY","2006-02-15 05:09:17"
1,1725,"GRAPES FURY","2006-02-15 05:09:17"
1,1729,"GREASE YOUTH","2006-02-15 05:09:17"
1,1730,"GREASE YOUTH","2006-02-15 05:09:17"
1,1731,"GREASE YOUTH","2006-02-15 05:09:17"
1,1735,"GREATEST NORTH","2006-02-15 05:09:17"
1,1736,"GREATEST NORTH","2006-02-15 05:09:17"
1,1737,"GREATEST NORTH","2006-02-15 05:09:17"
1,1738,"GREATEST NORTH","2006-02-15 05:09:17"
1,1747,"GREEK EVERYONE","2006-02-15 05:09:17"
1,1748,"GREEK EVERYONE","2006-02-15 05:09:17"
1,1752,"GRINCH MASSAGE","2006-02-15 05:09:17"
1,1753,"GRINCH MASSAGE","2006-02-15 05:09:17"
1,1757,"GRIT CLOCKWORK","2006-02-15 05:09:17"
1,1758,"GRIT CLOCKWORK","2006-02-15 05:09:17"
1,1759,"GRIT CLOCKWORK","2006-02-15 05:09:17"
1,1760,"GRIT CLOCKWORK","2006-02-15 05:09:17"
1,1765,"GROOVE FICTION","2006-02-15 05:09:17"
1,1766,"GROOVE FICTION","2006-02-15 05:09:17"
1,1767,"GROOVE FICTION","2006-02-15 05:09:17"
1,1773,"GROUNDHOG UNCUT","2006-02-15 05:09:17"
1,1774,"GROUNDHOG UNCUT","2006-02-15 05:09:17"
1,1778,"GUN BONNIE","2006-02-15 05:09:17"
1,1779,"GUN BONNIE","2006-02-15 05:09:17"
1,1780,"GUN BONNIE","2006-02-15 05:09:17"
1,1784,"GUNFIGHT MOON","2006-02-15 05:09:17"
1,1785,"GUNFIGHT MOON","2006-02-15 05:09:17"
1,1786,"GUNFIGHT MOON","2006-02-15 05:09:17"
1,1790,"GUNFIGHTER MUSSOLINI","2006-02-15 05:09:17"
1,1791,"GUNFIGHTER MUSSOLINI","2006-02-15 05:09:17"
1,1794,"GUYS FALCON","2006-02-15 05:09:17"
1,1795,"GUYS FALCON","2006-02-15 05:09:17"
1,1796,"GUYS FALCON","2006-02-15 05:09:17"
1,1797,"HALF OUTFIELD","2006-02-15 05:09:17"
1,1798,"HALF OUTFIELD","2006-02-15 05:09:17"
1,1799,"HALF OUTFIELD","2006-02-15 05:09:17"
1,1800,"HALF OUTFIELD","2006-02-15 05:09:17"
1,1804,"HALL CASSIDY","2006-02-15 05:09:17"
1,1805,"HALL CASSIDY","2006-02-15 05:09:17"
1,1806,"HALL CASSIDY","2006-02-15 05:09:17"
1,1807,"HALL CASSIDY","2006-02-15 05:09:17"
1,1810,"HALLOWEEN NUTS","2006-02-15 05:09:17"
1,1811,"HALLOWEEN NUTS","2006-02-15 05:09:17"
1,1812,"HAMLET WISDOM","2006-02-15 05:09:17"
1,1813,"HAMLET WISDOM","2006-02-15 05:09:17"
1,1814,"HAMLET WISDOM","2006-02-15 05:09:17"
1,1815,"HAMLET WISDOM","2006-02-15 05:09:17"
1,1816,"HANDICAP BOONDOCK","2006-02-15 05:09:17"
1,1817,"HANDICAP BOONDOCK","2006-02-15 05:09:17"
1,1818,"HANDICAP BOONDOCK","2006-02-15 05:09:17"
1,1826,"HANKY OCTOBER","2006-02-15 05:09:17"
1,1827,"HANKY OCTOBER","2006-02-15 05:09:17"
1,1828,"HANKY OCTOBER","2006-02-15 05:09:17"
1,1839,"HARDLY ROBBERS","2006-02-15 05:09:17"
1,1840,"HARDLY ROBBERS","2006-02-15 05:09:17"
1,1841,"HAROLD FRENCH","2006-02-15 05:09:17"
1,1842,"HAROLD FRENCH","2006-02-15 05:09:17"
1,1843,"HARPER DYING","2006-02-15 05:09:17"
1,1844,"HARPER DYING","2006-02-15 05:09:17"
1,1845,"HARPER DYING","2006-02-15 05:09:17"
1,1849,"HARRY IDAHO","2006-02-15 05:09:17"
1,1850,"HARRY IDAHO","2006-02-15 05:09:17"
1,1851,"HARRY IDAHO","2006-02-15 05:09:17"
1,1852,"HARRY IDAHO","2006-02-15 05:09:17"
1,1859,"HAUNTING PIANIST","2006-02-15 05:09:17"
1,1860,"HAUNTING PIANIST","2006-02-15 05:09:17"
1,1865,"HAWK CHILL","2006-02-15 05:09:17"
1,1866,"HAWK CHILL","2006-02-15 05:09:17"
1,1867,"HEAD STRANGER","2006-02-15 05:09:17"
1,1868,"HEAD STRANGER","2006-02-15 05:09:17"
1,1869,"HEAD STRANGER","2006-02-15 05:09:17"
1,1870,"HEAD STRANGER","2006-02-15 05:09:17"
1,1874,"HEARTBREAKERS BRIGHT","2006-02-15 05:09:17"
1,1875,"HEARTBREAKERS BRIGHT","2006-02-15 05:09:17"
1,1876,"HEARTBREAKERS BRIGHT","2006-02-15 05:09:17"
1,1877,"HEARTBREAKERS BRIGHT","2006-02-15 05:09:17"
1,1881,"HEAVEN FREEDOM","2006-02-15 05:09:17"
1,1882,"HEAVEN FREEDOM","2006-02-15 05:09:17"
1,1883,"HEAVEN FREEDOM","2006-02-15 05:09:17"
1,1886,"HEAVENLY GUN","2006-02-15 05:09:17"
1,1887,"HEAVENLY GUN","2006-02-15 05:09:17"
1,1888,"HEAVYWEIGHTS BEAST","2006-02-15 05:09:17"
1,1889,"HEAVYWEIGHTS BEAST","2006-02-15 05:09:17"
1,1890,"HEAVYWEIGHTS BEAST","2006-02-15 05:09:17"
1,1891,"HEAVYWEIGHTS BEAST","2006-02-15 05:09:17"
1,1896,"HEDWIG ALTER","2006-02-15 05:09:17"
1,1897,"HEDWIG ALTER","2006-02-15 05:09:17"
1,1898,"HEDWIG ALTER","2006-02-15 05:09:17"
1,1899,"HELLFIGHTERS SIERRA","2006-02-15 05:09:17"
1,1900,"HELLFIGHTERS SIERRA","2006-02-15 05:09:17"
1,1901,"HELLFIGHTERS SIERRA","2006-02-15 05:09:17"
1,1905,"HIGH ENCINO","2006-02-15 05:09:17"
1,1906,"HIGH ENCINO","2006-02-15 05:09:17"
1,1907,"HIGH ENCINO","2006-02-15 05:09:17"
1,1911,"HIGHBALL POTTER","2006-02-15 05:09:17"
1,1912,"HIGHBALL POTTER","2006-02-15 05:09:17"
1,1917,"HILLS NEIGHBORS","2006-02-15 05:09:17"
1,1918,"HILLS NEIGHBORS","2006-02-15 05:09:17"
1,1919,"HILLS NEIGHBORS","2006-02-15 05:09:17"
1,1920,"HILLS NEIGHBORS","2006-02-15 05:09:17"
1,1923,"HOBBIT ALIEN","2006-02-15 05:09:17"
1,1924,"HOBBIT ALIEN","2006-02-15 05:09:17"
1,1925,"HOBBIT ALIEN","2006-02-15 05:09:17"
1,1926,"HOBBIT ALIEN","2006-02-15 05:09:17"
1,1931,"HOLES BRANNIGAN","2006-02-15 05:09:17"
1,1932,"HOLES BRANNIGAN","2006-02-15 05:09:17"
1,1942,"HOLLYWOOD ANONYMOUS","2006-02-15 05:09:17"
1,1943,"HOLLYWOOD ANONYMOUS","2006-02-15 05:09:17"
1,1946,"HOLOCAUST HIGHBALL","2006-02-15 05:09:17"
1,1947,"HOLOCAUST HIGHBALL","2006-02-15 05:09:17"
1,1948,"HOLOCAUST HIGHBALL","2006-02-15 05:09:17"
1,1956,"HOMEWARD CIDER","2006-02-15 05:09:17"
1,1957,"HOMEWARD CIDER","2006-02-15 05:09:17"
1,1958,"HOMEWARD CIDER","2006-02-15 05:09:17"
1,1959,"HOMEWARD CIDER","2006-02-15 05:09:17"
1,1960,"HOMICIDE PEACH","2006-02-15 05:09:17"
1,1961,"HOMICIDE PEACH","2006-02-15 05:09:17"
1,1962,"HOMICIDE PEACH","2006-02-15 05:09:17"
1,1963,"HOMICIDE PEACH","2006-02-15 05:09:17"
1,1966,"HONEY TIES","2006-02-15 05:09:17"
1,1967,"HONEY TIES","2006-02-15 05:09:17"
1,1979,"HOPE TOOTSIE","2006-02-15 05:09:17"
1,1980,"HOPE TOOTSIE","2006-02-15 05:09:17"
1,1981,"HOPE TOOTSIE","2006-02-15 05:09:17"
1,1984,"HORN WORKING","2006-02-15 05:09:17"
1,1985,"HORN WORKING","2006-02-15 05:09:17"
